repo_name,created_at,last_pushed_at,default_branch,cfn_file_count,platform_pct,application_pct,data_pct,other_pct
aws-cost-anomalies,11/02/2023 15:14,12/16/2025 23:15,dev,2,40,60,0,0
aws-lz-artifactory-pipeline,09/11/2020 17:05,12/18/2025 17:07,main,4,75,24,0,1
eweb-backup-get-apis,07/25/2025 18:27,12/19/2025 00:28,dev,15,100,0,0,0
eimule-rtf,06/14/2024 17:57,12/19/2025 00:59,main,9,48,6,45,1
meteorology-serverless-api,10/16/2020 16:57,12/16/2025 19:59,main,65,31,67,0,2
aws_cfs_somah_api,09/16/2020 00:03,12/16/2025 19:40,master,4,48,52,0,0
aws_cfs_somahcsr_api,09/24/2020 18:57,12/16/2025 19:39,master,3,63,36,0,1
gis-geomartcloud-pspsV4-etl-datasync,10/19/2020 13:39,12/22/2025 17:06,master,1,47,17,34,2
ccsp-cdp-db-extensions,09/28/2021 11:13,12/17/2025 10:29,main,2,100,0,0,0
oih-cfn-ec2,12/12/2025 06:51,12/18/2025 20:23,main,1,100,0,0,0
gis-geomartcloud-wsoc-hawc-wiv-ui,01/11/2022 23:42,12/22/2025 07:48,main_bkup,3,50,50,0,0
meteorology-operations,09/03/2020 19:08,12/19/2025 21:15,master,32,52,41,5,2
app-migration-plato-jobs,04/21/2025 19:41,12/18/2025 00:18,dev,1,0,0,0,0
gis-geomartcloud-gmrearch-gtgis-replica,01/06/2022 20:30,12/18/2025 19:11,master,1,60,40,0,0
aws-transit-public-api-alb,11/17/2022 16:40,12/12/2025 23:20,qa,3,54,45,0,1
aws-waf-rules-automation,09/30/2022 15:18,12/20/2025 00:48,dev,4,37,62,0,1
gis-geomartcloud-pspsv4-batch-event-reports,08/17/2021 23:25,12/19/2025 01:07,master,2,41,58,0,1
aws-waf-rules-automation-bmp,11/10/2025 21:05,12/12/2025 17:07,main,2,100,0,0,0
aws-dash-windev,03/21/2024 22:18,12/17/2025 01:46,main,1,100,0,0,0
aws-transit-public-elb-bmp,10/23/2025 21:29,12/12/2025 15:46,dev,2,36,63,0,1
eweb-auth-lambda,03/16/2020 14:13,12/11/2025 22:19,dev,1,100,0,0,0
ew-post-apis,06/11/2021 07:25,12/17/2025 21:22,dev,1,86,13,0,1
aws_cfs_agencypledge_api,08/24/2020 18:26,12/11/2025 09:57,master,4,63,36,0,1
meteorology-alpha,02/03/2025 15:27,12/22/2025 17:59,main,6,71,28,0,1
ccsp-cdp-aws-infrastructure,04/07/2021 12:22,12/10/2025 19:01,main,23,35,23,41,1
pge-secinfra,05/05/2025 18:54,12/10/2025 18:52,main,1,100,0,0,0
aws-lz-iam,05/21/2019 21:42,12/22/2025 16:54,master,0,0,0,0,100
Meteorology-Prerequisites,09/10/2020 15:41,12/09/2025 22:06,master,13,69,30,0,1
Meteorology-Model-Integration,06/14/2021 19:59,12/18/2025 22:56,main,17,36,1,62,1
aws-cfn-rhelimagebuilder,12/02/2021 22:33,12/09/2025 06:31,main,18,55,44,0,1
gis-gmcloud-hawc-etl-siptgeotabupdate,09/13/2022 19:55,12/08/2025 05:58,main,1,50,50,0,0
pge-crm-ecm-db-scripts,05/19/2021 17:31,12/20/2025 04:28,main,4,100,0,0,0
cih-transformer,09/26/2025 01:32,12/05/2025 23:06,main,1,100,0,0,0
meteorology-forecast-verification,10/16/2024 22:11,12/04/2025 17:23,master,5,65,25,10,0
ccsp-cdp-asset-module,08/03/2021 14:54,12/04/2025 07:08,qa,2,100,0,0,0
ccsp-cdp-cdcdm-batch-module,06/20/2024 14:48,12/04/2025 07:04,main,2,100,0,0,0
ccsp-cdp-cdcdm-module,12/03/2021 08:11,12/04/2025 07:03,qa,1,100,0,0,0
ccsp-cdp-config-module,05/17/2022 11:54,12/04/2025 07:03,main,3,100,0,0,0
pge-ecm-crmbus-agentservice,02/06/2023 17:27,12/03/2025 23:28,main,4,100,0,0,0
psps-viz-project-infra,05/03/2021 20:08,12/03/2025 20:35,dev,21,88,11,0,1
aws-transit-public-elb-mule,04/03/2023 20:48,12/02/2025 18:06,dev,2,40,59,0,1
aws-transit-open-public-nlb-mule-cloudhub-ext1,11/07/2025 21:13,11/25/2025 21:40,main,2,36,63,0,1
pge-ecm-pwtodctm-sync,03/07/2022 06:04,11/25/2025 02:30,main,1,82,17,0,1
pge-ecm-pwtodctm-pwmetadata,03/07/2022 05:53,11/25/2025 02:28,main,1,82,17,0,1
aws-transit-public-locateandmark-api-alb,07/15/2025 20:33,11/24/2025 17:14,dev,3,52,48,0,0
aws-transit-public-elb-pmp,09/03/2025 21:11,11/21/2025 22:10,dev,2,36,63,0,1
gis-geomartcloud-pspsv4-batch-epssevent,04/25/2022 23:47,11/21/2025 15:56,main,1,44,55,0,1
ccsp-cdp-meter-module,07/26/2021 22:06,11/21/2025 09:35,qa,2,100,0,0,0
ccsp-cdp-service-point-module,07/29/2021 20:18,11/21/2025 09:34,qa,2,100,0,0,0
aws-cross-account-api-iam-authn,09/09/2025 07:52,11/21/2025 07:08,main,2,5,94,0,1
ccsp-cdp-sf-record-inspector,05/14/2024 16:30,11/21/2025 07:08,main,2,100,0,0,0
ccsp-cdp-util-module,08/12/2021 14:36,11/21/2025 07:01,main,2,100,0,0,0
psps-viz-lambda,05/07/2021 16:27,11/20/2025 17:18,dev,1,100,0,0,0
meteorology-ec2-automation,06/02/2020 19:17,11/18/2025 22:19,master,14,74,25,0,1
aws-cfn-imagebuilder,02/04/2020 19:32,11/17/2025 21:08,master,14,55,41,2,2
aws-lz-windows,05/08/2020 18:53,11/17/2025 14:05,master,31,65,33,1,1
aws-bedrock-rag-react,09/15/2024 21:43,11/16/2025 06:02,main,2,0,0,0,0
aws-transit-public-elb-locateandmark,03/10/2025 21:31,11/14/2025 21:39,dev,2,40,59,0,1
aws-transit-public-nlb-mule-cloudhub,07/27/2023 23:29,11/14/2025 17:08,dev,2,36,63,0,1
ccsp-cdp-reconciliation-module,05/14/2024 13:38,11/12/2025 08:13,main,1,100,0,0,0
aws-aop-batch,05/29/2021 19:11,11/11/2025 19:51,dev,1,100,0,0,0
aws-aop-reports,03/05/2021 18:36,11/11/2025 19:47,main,1,100,0,0,0
gis-geomartcloud-wsoc-authorizer,03/01/2021 21:54,11/07/2025 16:54,feature_0000_parent,1,75,25,0,0
ccsp-cdp-error-retry-orchestrator-v2,10/11/2023 09:34,11/07/2025 15:47,main,2,100,0,0,0
gis-geomartcloud-wsoc-api-emailwildfireincident,12/30/2020 23:22,12/17/2025 15:05,master,1,27,72,0,1
Meteorology-PkgLayers,03/21/2022 21:37,11/05/2025 22:23,main,36,100,0,0,0
ccsp-cdp-conversion,01/24/2022 09:31,10/31/2025 10:34,qa,2,100,0,0,0
aws-transit-public-nlb-mule,07/17/2023 21:02,10/30/2025 15:29,dev,2,36,63,0,1
aws-transit-public-elb-mhp,08/28/2025 22:45,10/28/2025 22:04,dev,2,36,63,0,1
aws-lz-sonarqube-pipeline,06/17/2022 22:54,10/28/2025 18:25,main,3,75,25,0,0
aws-transit-public-elb-esft,03/27/2023 22:02,10/28/2025 17:19,dev,3,38,61,0,1
aws-landing-zone,10/16/2018 22:19,10/24/2025 20:42,master,54,82,13,4,1
ccsp-cdp-rediswriter,09/30/2021 05:08,10/24/2025 12:12,qa,2,100,0,0,0
aws-cfn-wafv2,07/31/2020 00:53,10/22/2025 20:20,main,1,0,0,0,0
ccsp-cdp-item-module,07/28/2021 19:21,10/17/2025 21:27,qa,2,100,0,0,0
aws-lz-account-creation-automation,03/25/2019 20:11,10/17/2025 19:20,master,31,35,63,0,2
aws-transit-public-elb-aigateway,09/12/2025 18:35,12/17/2025 19:33,dev,2,36,63,0,1
aws-waf-rules-automation-portkey,07/14/2025 18:16,12/17/2025 19:16,dev,2,75,25,0,0
terraform-cicd-pipeline-ref,07/25/2022 17:15,10/02/2025 18:02,main,1,100,0,0,0
Meteorology-Foundation,07/28/2020 19:21,09/29/2025 20:41,master,14,100,0,0,0
pge-crm-ecm-cloud-infra-ci,04/25/2021 12:43,09/29/2025 17:49,main,30,95,0,3,2
customer-ch2-mulesoft-cloudformation-templates,04/09/2024 20:10,09/29/2025 15:43,main,4,100,0,0,0
aws-internal-api-alb,12/05/2022 19:32,09/25/2025 21:47,main,3,58,41,0,1
aws-transit-cloudfront-eweb-api-alb,09/24/2025 20:42,09/25/2025 15:50,dev,2,52,48,0,0
aws-snowflake-connection-diagnostic,09/23/2025 01:34,09/24/2025 04:34,main,1,27,72,0,1
ccsp-cdp-party-relationship-module,08/06/2021 15:15,09/19/2025 10:13,qa,2,100,0,0,0
ccsp-cdp-sfapi-v2-module,01/31/2024 12:27,09/10/2025 16:43,main,2,100,0,0,0
aws-logging,10/09/2018 21:41,09/09/2025 22:44,master,16,30,69,0,1
cscoe-wiz-kiosk,12/06/2024 19:47,12/18/2025 00:42,main,3,100,0,0,0
aws-transit-public-elb-jfrog,08/29/2024 22:57,09/05/2025 21:45,nonprod,2,40,59,0,1
aws-waf-rules-automation-jfrog,08/29/2024 22:10,09/05/2025 21:34,nonprod,2,75,25,0,0
ccsp-cpd-audit-error-retry,10/06/2022 16:39,09/04/2025 11:37,main,2,100,0,0,0
ccsp-cdp-sasp-module,08/05/2021 13:28,09/04/2025 11:14,qa,2,100,0,0,0
ccsp-cdp-premise-module,07/12/2021 22:40,09/04/2025 10:23,qa,2,100,0,0,0
ccsp-cdp-customer-contact-comments-module,07/27/2022 16:54,09/03/2025 17:51,main,2,100,0,0,0
ccsp-cdp-contact-module,07/21/2021 17:54,09/03/2025 17:29,qa,2,100,0,0,0
ccsp-cdp-case-module,03/14/2022 13:56,09/03/2025 17:08,dev,1,100,0,0,0
ccsp-cdp-case-comments-module,07/27/2022 16:52,09/03/2025 17:06,main,2,100,0,0,0
ccsp-cdp-audit-success,10/24/2022 16:04,09/03/2025 16:57,main,2,100,0,0,0
ccsp-cdp-ac-related-info-contact-module,08/13/2021 14:58,09/03/2025 16:38,qa,2,100,0,0,0
ccsp-cdp-ac-related-info-account-module,08/10/2021 20:52,09/03/2025 16:38,qa,2,100,0,0,0
ccsp-cdp-account-service-module,10/10/2022 20:16,09/03/2025 16:26,main,2,100,0,0,0
ccsp-cdp-account-consumer-module,09/13/2022 14:47,09/03/2025 15:31,main,2,100,0,0,0
ccsp-cdp-account-business-module,06/30/2021 16:34,09/03/2025 14:13,qa,2,100,0,0,0
gsm-cloudformation-templates,07/28/2023 06:11,09/03/2025 13:57,master,20,100,0,0,0
ccsp-cdp-account-business-l2-module,09/13/2022 14:47,09/03/2025 12:46,qa,2,100,0,0,0
ccsp-cdp-account-billing-module,06/10/2021 23:55,09/03/2025 12:23,qa,2,100,0,0,0
aws-logging-central-s3accesslogs-spoke,01/13/2021 14:37,09/02/2025 17:09,main,1,50,50,0,0
aws-route53,01/08/2019 17:30,08/28/2025 20:26,master,13,100,0,0,0
aws-network,05/01/2019 15:52,08/28/2025 16:29,master,18,63,36,0,1
ccsp-cdp-aws-batch-infrastructure,06/20/2024 15:38,08/24/2025 05:38,main,2,73,0,26,1
aws-transit-public-elb-mrad,04/16/2024 22:43,08/15/2025 17:35,main,2,36,63,0,1
aws-waf-rules-automation-mrad,04/17/2024 00:16,08/14/2025 15:34,main,2,75,25,0,0
gis-geomartcloud-gmcloud-infrastructure,04/29/2021 17:08,08/13/2025 19:55,main,13,53,6,39,2
ccsp-cdp-grafana-sns-alerts,03/21/2023 16:46,08/06/2025 09:50,main,3,100,0,0,0
aws-transit-public-elb-mule-cloudhub,07/27/2023 21:55,08/05/2025 05:25,dev,2,40,59,0,1
ccsp-cdp-error-retry-worker,12/07/2021 21:00,07/31/2025 18:38,qa,2,100,0,0,0
ccsp-cdp-customer-contact-module,07/27/2022 16:53,07/31/2025 17:13,main,2,100,0,0,0
aws-transit-public-elb-portkey,07/14/2025 18:10,12/17/2025 19:28,dev,2,36,63,0,1
Meteorology-AppStream,01/31/2022 19:28,07/28/2025 17:33,main,12,100,0,0,0
ccsp-cdp-apiiterator_base,12/04/2023 06:30,07/28/2025 14:19,main,6,100,0,0,0
aws-cost-forecast,06/15/2023 15:55,07/24/2025 22:49,dev,3,55,44,0,1
aws-athena-query-reports,08/23/2024 14:40,07/24/2025 21:52,main,3,48,51,0,1
ccsp-cdp-bulk-api-module,07/22/2021 13:38,07/22/2025 14:50,qa,1,100,0,0,0
ccsp-cdp-filewriter,07/07/2021 12:32,07/22/2025 10:53,qa,1,100,0,0,0
gis-geomartcloud-mab-api-photofetch,04/02/2021 17:35,07/16/2025 19:18,main,1,73,26,0,1
gis-geomartcloud-pspsv4-api-event-reports,08/17/2021 23:26,07/10/2025 13:57,master,1,22,77,0,1
gis-geomartcloud-mab-ui,03/30/2021 15:56,07/09/2025 23:03,main,1,100,0,0,0
ccsp-cdp-datamapper-module,06/11/2021 15:35,07/08/2025 16:19,qa,1,100,0,0,0
ccsp-cdp-flyway-migration,04/30/2021 09:10,07/04/2025 10:57,main,2,100,0,0,0
aws-cross-account-bucket-access,07/03/2025 18:49,07/04/2025 02:32,main,4,55,44,0,1
ccsp-cdp-error-retry-audit,12/14/2021 15:41,06/26/2025 17:34,qa,2,100,0,0,0
mulecertexpiredpurge,06/18/2025 22:44,12/19/2025 23:54,main,2,0,0,0,0
ccsp-cdp-gg-infrastructure,01/18/2022 14:43,06/11/2025 08:37,main,4,100,0,0,0
ccsp-cdp-merge-table-lambda-function,02/06/2025 19:40,06/05/2025 18:29,main,3,100,0,0,0
ccsp-cdp-merge-table-step-functions,02/06/2025 19:28,06/05/2025 06:48,main,2,100,0,0,0
ccsp-cdp-getrates-v2-lambda,08/09/2023 14:37,06/04/2025 14:56,main,3,100,0,0,0
mulecertrenewalnotification,04/01/2025 21:17,12/19/2025 23:53,master,2,0,0,0,0
pge-ecm-fg-dctm-cicd,02/05/2024 21:44,05/30/2025 22:24,dev,23,100,0,0,0
Meteorology-Integration,07/12/2020 03:35,05/27/2025 19:07,master,17,33,28,38,1
aws-psps-rds,10/21/2019 02:13,05/23/2025 14:09,master,7,61,5,33,1
pge-crm-ecm-db-scripts-v2,09/09/2024 22:42,05/23/2025 01:52,dev,5,100,0,0,0
aws-transit-pan,03/31/2022 20:42,05/22/2025 22:46,main,1,29,70,0,1
ccsp-cdp-getrates-apiaauth-lambda,05/10/2022 16:52,05/22/2025 19:19,main,3,100,0,0,0
ccsp-cdp-governer,07/10/2024 14:01,05/15/2025 17:49,main,2,100,0,0,0
ccsp-cdp-outage-history,01/24/2023 18:43,05/15/2025 17:46,main,5,80,13,5,2
ccsp-cdp-eks-cluster-config,08/05/2021 06:24,05/15/2025 16:38,main,2,100,0,0,0
aws-psps-create-outage-tables,04/17/2020 02:13,05/08/2025 16:04,master,4,77,22,0,1
aws-transit-public-elb-sonarqube,04/03/2023 20:55,05/07/2025 19:32,dev,3,39,60,0,1
aws-waf-rules-automation-sonarqube,04/11/2023 21:16,05/07/2025 18:21,dev,2,75,25,0,0
pge-crmbus-trigger-schedulejob-lambda,06/21/2023 20:46,05/01/2025 16:07,main,4,85,14,0,1
pge-ecm-crmbus-masterservice,02/06/2023 17:28,04/29/2025 23:22,main,3,100,0,0,0
aws-ip-availability,04/23/2025 15:57,04/24/2025 01:28,main,1,11,88,0,1
aws-waf-rules-automation-mule,05/11/2023 15:39,04/18/2025 19:53,qa,2,75,25,0,0
aws-transit-open-public-elb-mule-cloudhub,08/08/2024 20:43,04/10/2025 15:56,qa,2,36,63,0,1
pge-ecm-crmbus-preprocess-agent-queue,02/08/2023 22:22,04/05/2025 03:37,main,3,85,14,0,1
pge-ecm-crm-eks-cicd,05/05/2021 17:50,03/25/2025 21:15,main,52,100,0,0,0
ccsp-cdp-dob_2-pointvw-lambda,11/27/2024 17:45,03/17/2025 14:47,main,3,100,0,0,0
ccsp-cdp-dob-automation-step-function,11/27/2024 17:13,03/14/2025 10:23,main,2,100,0,0,0
ccsp-cdp-dob-check-tables-lambda,11/28/2024 18:24,03/14/2025 10:21,main,3,100,0,0,0
ccsp-cdp-dob_1-pointvw-lambda,11/27/2024 17:45,03/14/2025 10:10,main,3,100,0,0,0
ccsp-cdp-dob_2-truncate-lambda,11/27/2024 17:44,03/14/2025 10:06,main,3,100,0,0,0
ccsp-cdp-dob_1-truncate-lambda,11/27/2024 17:44,03/14/2025 10:05,main,3,100,0,0,0
ccsp-cdp-dob_2-loads3file-lambda,11/27/2024 17:46,03/14/2025 10:01,main,3,100,0,0,0
ccsp-cdp-dob_1-loads3file-lambda,11/27/2024 17:46,03/13/2025 18:32,main,3,100,0,0,0
ccsp-cdp-dob-active-table-check-lambda,11/27/2024 17:42,03/13/2025 18:28,main,3,100,0,0,0
ccsp-cdp-dob-create-tables-schema-view-lambda,11/27/2024 17:38,03/13/2025 18:24,main,3,100,0,0,0
aws-waf-rules-automation-locateandmark,03/10/2025 21:35,03/10/2025 21:54,nonprod,2,75,25,0,0
aws-fis-chaos,11/09/2023 18:01,03/10/2025 19:31,main,7,26,32,40,2
test_codepipeline_dotnet,05/30/2022 07:56,03/07/2025 19:34,main,1,100,0,0,0
gis-geomartcloud-pspsv4-batch-mapservice,03/31/2022 15:46,03/06/2025 12:31,main,1,76,23,0,1
aws-ci-automation-ref,01/12/2021 17:16,03/05/2025 17:56,main,21,86,13,0,1
gis-gmcloud-hawc-batch-fireforecast,10/04/2022 10:27,02/28/2025 01:08,main,1,42,57,0,1
gis-gmcloud-hawc-etl-avalanchedataupdate,09/22/2022 16:55,02/28/2025 01:04,main,1,60,40,0,0
gis-geomartcloud-wsoc-wiv-ui,01/12/2021 19:26,02/21/2025 11:26,master,3,50,50,0,0
ccsp-cdp-ci-char-entity-val-step-function,12/27/2024 11:14,02/11/2025 17:14,main,2,100,0,0,0
ccsp-cdp-ci-char-entity-val-start-appflow-lambda,12/27/2024 11:21,02/11/2025 12:09,main,3,100,0,0,0
ccsp-cdp-ci-char-entity-failed-reports-lambda,12/27/2024 11:25,02/11/2025 11:29,main,3,100,0,0,0
ccsp-cdp-ci-char-val-failed-reports-lambda,12/27/2024 11:27,02/11/2025 11:21,main,3,100,0,0,0
ccsp-cdp-export-ci-char-entity-val-to-s3-lambda,12/27/2024 11:16,02/11/2025 11:12,main,3,100,0,0,0
adms-mule-deployment-auto,05/25/2024 01:34,12/19/2025 23:39,dev,1,100,0,0,0
ccsp-cdp-unschedule-ci-char-entity-val-jobs-lambda,12/27/2024 11:26,02/04/2025 11:05,main,3,100,0,0,0
gis-geomartcloud-wsoc-api-wildfirecameraimage,12/24/2020 16:53,01/30/2025 23:03,master,1,23,76,0,1
ccsp-cdp-CheckFors3Files-merge-table-lambda,01/24/2025 19:02,01/24/2025 20:16,main,3,100,0,0,0
pge-ecm-crmis-cicd,05/03/2021 04:08,01/23/2025 21:49,main,7,100,0,0,0
ccsp-cdp-db-trigger-lambda,05/10/2022 10:29,01/20/2025 10:00,qa,3,100,0,0,0
aws-cost-explorer-reports,11/05/2024 21:52,01/14/2025 21:31,main,3,62,37,0,1
aws-availability-metrics,07/31/2024 20:07,01/02/2025 18:50,main,2,32,57,10,1
aws-transit-public-elb-mule-rtf,12/18/2024 23:42,12/20/2024 23:19,dev,2,40,59,0,1
gis-geomartcloud-dpv-fidelity-meta-collector,12/28/2021 23:52,12/17/2024 16:54,main,1,33,0,66,1
ccsp-cdp-sftoken-generation-lambda,09/15/2023 10:38,11/23/2024 15:27,main,3,100,0,0,0
gis-geomartcloud-geomartdcm-infrastructure,01/13/2021 17:02,11/20/2024 18:24,main,4,47,0,52,1
ccsp-cdp-cfs-report-generator-module,09/10/2024 12:50,11/19/2024 19:26,main,1,100,0,0,0
pge-crm-cicd-testautomation,07/30/2021 09:51,11/18/2024 09:15,main,1,100,0,0,0
aws-transit-public-elb-crmis,03/23/2023 22:17,11/14/2024 20:27,dev,2,40,59,0,1
aws-transit-public-elb,02/22/2023 21:28,11/14/2024 17:59,dev,5,50,50,0,0
aws-transit-public-elb-geomart,09/25/2023 17:42,11/14/2024 16:44,test,2,36,63,0,1
gis-gmcloud-hawc-batch-edlinemerge,10/19/2022 12:33,11/04/2024 17:31,main,1,71,28,0,1
aws-bmc-discovery,10/08/2021 23:39,10/31/2024 20:52,main,2,80,19,0,1
aws_obm_integration,07/01/2021 21:41,10/31/2024 19:44,dev,4,30,69,0,1
apptio-cloudability-automation,08/26/2021 20:28,10/31/2024 19:02,dev,3,43,56,0,1
aws-health-aware,09/30/2024 16:45,10/31/2024 15:20,main,2,24,54,21,1
aws-transit-public-elb-mule-cloudhub-mtls,12/14/2023 22:54,10/30/2024 17:35,test,2,40,59,0,1
PlatformLogRetentionRule,10/29/2024 16:12,10/29/2024 16:38,main,1,100,0,0,0
LambdaAuthorizerWithGroupFiltering,07/30/2020 02:27,10/29/2024 14:30,dev,1,60,40,0,0
aws-cwd-eimc-api,10/04/2020 16:43,10/29/2024 14:30,master,5,46,53,0,1
ccsp-cdp-read-athena-lambda,09/09/2022 08:45,10/23/2024 17:41,main,3,100,0,0,0
aws-transit-cloudwatch-metrics,09/03/2024 22:39,10/18/2024 18:02,main,2,45,54,0,1
aws-lz-account-deprovisioning-automation,07/09/2019 17:31,10/18/2024 15:41,master,3,28,71,0,1
aws-asset-tagging,10/22/2020 15:08,10/17/2024 21:50,dev,11,21,78,0,1
mulesoft-cloudformation-templates,05/28/2021 18:55,10/17/2024 17:10,master,43,100,0,0,0
pge-ecm-dnrs-lambda,09/15/2022 13:53,10/15/2024 22:07,main,9,69,30,0,1
gis-geomartcloud-createjob-pycommonlambda,09/17/2021 22:22,10/15/2024 02:59,main,1,66,33,0,1
aws-waf-rules-automation-crmis,04/13/2023 21:06,10/14/2024 23:50,dev,2,75,25,0,0
Meteorology-Archive,01/04/2022 18:32,10/10/2024 21:26,main,10,29,37,32,2
ccsp-cdp-kinesis-consumer,04/25/2022 10:16,10/03/2024 17:06,qa,1,100,0,0,0
aws-cwd-aop-templates,09/25/2020 15:31,09/23/2024 10:10,master,37,68,17,13,2
pge-ecm-datasync-infra,04/16/2024 23:01,09/17/2024 20:57,main,4,100,0,0,0
meteorology-database,07/16/2020 23:34,09/12/2024 18:39,master,11,53,6,40,1
pge-ecm-crm-infra-cname,08/01/2021 17:17,09/12/2024 17:18,main,2,100,0,0,0
pge-ecm-crm-acm,08/01/2021 03:12,09/10/2024 19:51,main,2,87,12,0,1
aws-waf-rules-automation-splunk,04/17/2023 15:26,09/09/2024 16:44,dev,2,75,25,0,0
aws-transit-public-elb-splunk,04/06/2023 17:45,09/09/2024 05:07,dev,3,39,60,0,1
aws-cloudwatch-metrics,09/04/2024 18:51,09/04/2024 18:55,main,2,68,32,0,0
ccsp-cdp-batch-utility-lambda,08/13/2024 17:41,09/02/2024 10:56,main,3,100,0,0,0
swaggergitsync,11/10/2018 00:38,08/26/2024 16:13,master,1,0,0,0,0
emergency-website-backup-publish,05/21/2020 14:52,08/20/2024 20:25,master,1,66,33,0,1
aws-ccoe-utils,05/31/2019 17:57,08/20/2024 16:13,master,1,45,54,0,1
ccsp-cdp-extract-monitoring,05/18/2023 11:13,08/19/2024 12:44,main,3,100,0,0,0
ccsp-cdp-ses-batch-env-lambda,07/30/2024 12:03,08/19/2024 09:26,main,3,100,0,0,0
ccsp-cdp-batch-step-function,08/13/2024 16:41,08/19/2024 04:12,main,2,100,0,0,0
ccsp-cdp-eks-cluster,06/09/2021 09:54,08/14/2024 09:40,main,2,100,0,0,0
aws-lz-artifactory-token-renewal,06/10/2021 17:48,08/13/2024 18:24,main,2,36,63,0,1
aws-eks-reference-implementation,02/24/2021 01:10,08/09/2024 21:46,main,6,84,16,0,0
aws-amps-tags,10/23/2020 22:13,08/09/2024 14:36,master,1,42,57,0,1
gis-geomartcloud-dpv-fidelity-lambda,12/27/2021 19:04,08/08/2024 20:09,main,1,55,44,0,1
eweb-infra-reference,07/01/2024 17:01,08/05/2024 23:29,main,134,79,18,2,1
aws-transit-availability-metrics,08/02/2024 17:00,08/02/2024 20:31,dev,2,48,51,0,1
aws-waf-rules-automation-geomart-unsite,07/29/2024 22:01,07/31/2024 16:09,nonprod,2,75,25,0,0
ccsp-cdp-db-trigger-batch-lambda,05/29/2024 15:37,07/30/2024 10:27,main,3,100,0,0,0
aws-transit-public-elb-geomart-unsite,07/29/2024 22:27,07/29/2024 22:30,dev,2,34,65,0,1
crm-gdl-search,03/14/2023 14:03,07/25/2024 12:46,dev,1,100,0,0,0
aws-logging-central-nlbaccesslogs-spoke,02/22/2021 07:12,07/23/2024 15:31,main,1,33,66,0,1
cscoe-prisma-utils,12/02/2020 17:52,06/26/2024 16:19,master,5,100,0,0,0
aws-waf-sample,01/29/2019 22:39,06/23/2024 04:43,master,17,12,87,0,1
aws-waf-security-automations-LEGACY,01/19/2019 04:22,06/22/2024 23:53,master,0,0,0,0,100
aws-cfn-s3web,10/09/2018 21:40,06/20/2024 21:24,main,23,44,55,0,1
ccsp-cdp-rest-api-gateway,08/18/2023 07:56,06/20/2024 10:45,main,2,11,88,0,1
ccsp-cdp-composite-delete-function,09/13/2023 14:28,06/05/2024 13:54,main,3,100,0,0,0
ccsp-cdp-apiiterator,09/14/2021 15:26,06/04/2024 17:02,qa,1,100,0,0,0
ccsp-cdp-rfb-automation,05/17/2024 10:13,05/28/2024 13:19,main,2,89,10,0,1
ccsp-cdp-custom-monitoring,06/01/2023 14:39,05/24/2024 06:26,main,3,100,0,0,0
aws-lambda-layer,08/26/2019 21:25,05/21/2024 19:39,master,3,66,33,0,1
ccsp-cdp-kcl-update-module,07/22/2021 13:48,05/21/2024 00:32,main,1,100,0,0,0
ccsp-cdp-kcl-delete-module,07/22/2021 13:49,05/21/2024 00:26,main,1,100,0,0,0
ccsp-cdp-kcl-insert-module,07/22/2021 13:46,05/21/2024 00:25,main,1,100,0,0,0
github-actions-python,06/16/2022 18:56,05/21/2024 00:25,main,1,25,75,0,0
test_python,05/26/2022 13:01,05/21/2024 00:25,main,1,25,75,0,0
ccsp-cdp-batchpsql-repo,05/04/2022 10:34,05/21/2024 00:25,main,1,100,0,0,0
ccsp-cdp-rates-batch-execution,04/12/2022 12:10,05/21/2024 00:25,main,2,100,0,0,0
ccsp-cdp-rds-das,01/19/2022 15:01,05/20/2024 04:06,main,3,82,0,17,1
aws-waf-rules-automation-geomart,09/25/2023 17:52,05/18/2024 00:36,qa,2,75,25,0,0
gis-geomartcloud-infrastructure-jenkins,09/24/2021 21:24,05/17/2024 12:59,main,10,41,58,0,1
pge-crm-view-refresh-lambda,12/16/2022 04:46,05/09/2024 14:51,main,4,88,11,0,1
ccsp-cdp-rds-monitoring-workers,02/23/2023 09:57,05/07/2024 17:16,main,3,100,0,0,0
gis-gmcloud-monitoring-s3-automation,03/24/2023 22:35,05/06/2024 22:07,main,1,55,44,0,1
gis-gmcloud-monitoring-rds-automation,02/28/2023 03:19,05/06/2024 21:49,main,1,55,44,0,1
gis-ec2instance-automation,10/06/2022 19:47,05/04/2024 21:21,main,1,55,44,0,1
pge-ecm-crmbus-postprocess-agent-queue,02/08/2023 22:23,04/15/2024 17:22,main,2,84,15,0,1
ccsp-cdp-sfapi-demo-module,01/15/2024 14:48,04/11/2024 22:36,main,1,100,0,0,0
ccoe-autopatch-parameters-cft,04/10/2024 16:02,04/11/2024 15:52,main,1,100,0,0,0
pge-ecm-crm-ingress,03/25/2023 19:27,04/09/2024 21:52,main,1,100,0,0,0
aws-transit-open-public-elb-mule,02/28/2024 23:54,04/04/2024 17:24,dev,2,36,63,0,1
aws-waf-rules-automation-open-mule,02/28/2024 23:30,04/04/2024 16:54,dev,2,75,25,0,0
gis-geomartcloud-palantir-etl-dataload,06/05/2020 15:26,04/03/2024 19:56,master,1,46,13,40,1
ccsp-cdp-error-retry-orchestrator,12/07/2021 21:02,03/26/2024 09:28,main,1,100,0,0,0
aws-grid-autopatch,03/18/2024 22:08,03/21/2024 05:36,main,1,100,0,0,0
aws-logging-central-elk-hub,02/16/2021 17:14,03/14/2024 23:05,main,2,100,0,0,0
aws-polyai,03/12/2024 01:58,03/12/2024 02:06,main,1,100,0,0,0
ccsp-cdp-sfapi-lambda,11/24/2021 11:10,03/11/2024 13:34,qa,3,100,0,0,0
Static-Web-Application,10/05/2023 09:39,03/11/2024 10:53,main,12,19,68,12,1
pge-ecm-migration-cicd,03/01/2024 00:13,03/01/2024 02:49,main,7,100,0,0,0
aws-lz-org-policies,11/20/2019 22:22,02/21/2024 21:20,master,1,0,0,0,0
aws-transit-open-public-nlb-mule,12/04/2023 21:20,02/20/2024 23:07,dev,2,36,63,0,1
gis-geomartcloud-pspsv4-infrastructure,11/19/2020 18:23,02/14/2024 21:22,main,2,70,29,0,1
ccsp-cdp-bulkapi-lambda,07/30/2021 05:35,02/02/2024 11:08,main,3,100,0,0,0
ccsp-cdp-pod-monitoring,09/30/2021 14:31,02/01/2024 21:46,main,1,100,0,0,0
ccsp-cdp-getrates-service,02/18/2022 15:48,01/29/2024 10:56,main,1,100,0,0,0
ccsp-cdp-getrates-ping-response,07/14/2023 16:40,01/29/2024 10:55,main,3,100,0,0,0
pge-ecm-crm-documentum-cicd,05/17/2021 06:39,01/25/2024 19:20,main,25,95,0,4,1
ccsp-cdp-ontm_load_generic_sfobject-lambda,08/25/2021 10:08,01/24/2024 12:14,main,3,100,0,0,0
ccsp-cdp-apicaller,07/08/2021 07:13,01/23/2024 10:24,main,1,100,0,0,0
ccsp-cdp-getrates-lambda,10/03/2022 19:36,01/23/2024 08:55,main,3,100,0,0,0
aws-cfn-proxy,12/29/2022 00:48,01/22/2024 18:53,main,3,33,66,0,1
ccsp-cdp-error-retry-cleanup,02/25/2022 18:49,01/19/2024 20:10,dev,1,100,0,0,0
ccsp-cdp-recovery-orchestrator,09/28/2022 15:56,01/11/2024 18:51,main,1,100,0,0,0
ccsp-cdp-eks-start-function,01/08/2024 19:16,01/11/2024 13:55,main,3,100,0,0,0
csp-cdp-eks-shutdown-function,01/08/2024 19:16,01/11/2024 13:49,main,3,100,0,0,0
ccsp-cdp-rds-status-function,01/08/2024 19:15,01/11/2024 13:46,main,3,100,0,0,0
ccsp-cdp-rds-start-function,01/08/2024 19:15,01/11/2024 13:38,main,3,100,0,0,0
csp-cdp-rds-shutdown-function,01/08/2024 19:14,01/11/2024 13:34,main,3,100,0,0,0
ccsp-cdp-ogg-status-function,01/08/2024 19:13,01/11/2024 13:25,main,3,100,0,0,0
ccsp-cdp-ogg-start-function,01/08/2024 19:12,01/11/2024 13:12,main,3,100,0,0,0
ccsp-cdp-ogg-shutdown-function,01/08/2024 18:59,01/11/2024 12:59,qa,3,100,0,0,0
cscoe-config-rules,09/02/2020 18:08,01/04/2024 19:25,master,113,27,68,3,2
ccsp-cdp-dm-function-trigger-lambda,02/24/2022 19:29,12/21/2023 10:39,dev,3,100,0,0,0
aws-transit-public-elb-onetrust-r1av,12/20/2023 22:20,12/21/2023 00:16,dev,2,36,63,0,1
ccsp-cdp-k8s-ops,11/24/2023 18:47,12/13/2023 18:21,dev,3,100,0,0,0
pge-ecm-crmis-prerequisites,07/28/2021 02:46,12/12/2023 06:15,main,11,100,0,0,0
gis-geomartcloud-wsoc-sipt3-ui,02/09/2022 16:15,11/28/2023 05:27,main,3,50,50,0,0
pge-ecm-pwtodctm-emailnotification,03/04/2022 14:13,11/14/2023 23:19,main,1,82,17,0,1
aws-transit-public-elb-onetrust,10/25/2023 04:23,11/01/2023 18:20,main,2,36,63,0,1
StaticApp,09/21/2020 06:57,10/28/2023 00:53,master,12,19,68,12,1
gis-geomartcloud-wsoc-dashboards3-ui,06/30/2021 00:29,10/27/2023 18:17,master,3,50,50,0,0
aws-logging-central-albaccesslogs-spoke1,02/23/2021 06:53,10/27/2023 17:22,main,1,33,66,0,1
pge-ecm-crm-aws-load-balancer-controller-09,04/29/2021 03:18,10/27/2023 16:26,main,1,100,0,0,0
aws-waf-rules-automation-onetrust,10/25/2023 04:08,10/25/2023 04:52,main,2,75,25,0,0
gis-geomartcloud-wsoc-batch-mapservice,03/17/2021 19:27,10/19/2023 19:53,master,1,50,50,0,0
pgealerts-lambda-cdn-invalidation,03/11/2020 18:45,10/17/2023 22:15,master,1,100,0,0,0
50MainApp,07/02/2019 14:59,10/17/2023 20:52,master,4,57,42,0,1
ew-data-sync,03/18/2021 15:06,10/17/2023 04:03,dev,2,74,25,0,1
gis-geomartcloud-wsoc-etl-wsocdatasync,12/18/2020 16:13,10/16/2023 20:14,master,1,44,13,41,2
ccsp-cdp-lambda-error-monitoring,11/07/2022 10:08,10/12/2023 11:06,main,3,100,0,0,0
gis-gmcloud-gdmab-create-pycommonlamba,06/28/2023 16:24,09/18/2023 18:46,main,1,71,28,0,1
nodejs-lambda-sample,09/11/2023 20:42,09/14/2023 16:57,main,1,0,0,0,0
cscoe-automation,09/09/2019 20:58,09/14/2023 00:16,master,6,58,27,13,2
pge-tfc-varset,03/25/2022 20:48,09/06/2023 21:07,main,1,100,0,0,0
aws-s3-security-remediation,05/18/2020 19:14,09/01/2023 17:18,master,4,20,80,0,0
gis-geomartcloud-psps-batch-version,05/16/2020 19:16,08/14/2023 21:39,master,1,27,72,0,1
aws-unique-tag-values,08/11/2023 16:54,08/11/2023 22:38,main,2,60,40,0,0
aws-filegateway-alarms,05/19/2021 16:02,08/04/2023 20:03,main,1,38,61,0,1
ccsp-cdp-sf-refresh-token-lambda,08/04/2023 10:17,08/04/2023 13:28,main,3,100,0,0,0
aws-logging-central-albaccesslogs,02/15/2021 14:43,08/03/2023 21:25,master,1,45,54,0,1
aws-cloudformation-tags,07/28/2023 17:09,07/28/2023 17:17,dev,4,76,23,0,1
gis-geomartcloud-wsoc-etl-irwindataupdate,01/14/2021 10:49,07/25/2023 20:44,master,1,42,0,57,1
s3-client-api,03/14/2022 14:22,07/14/2023 00:21,dev,1,100,0,0,0
aws-internal-elb-splunk,05/19/2023 21:03,06/22/2023 22:25,dev,3,64,35,0,1
CustomerManagedCmkForCcoeAccountsOnly,02/12/2021 21:59,06/16/2023 15:31,main,2,100,0,0,0
aws-secure-by-design,04/30/2020 17:57,12/19/2025 22:46,develop,5,0,0,0,0
pge-ecm-crm-ocr-lambda,05/12/2022 13:24,05/30/2023 21:50,main,7,51,48,0,1
pge-ecm-crm-pdf-lambda,09/12/2022 06:12,05/30/2023 21:46,main,9,45,54,0,1
CCPA-Consumer-Veg-Mgmt,01/04/2021 17:33,05/30/2023 21:09,main,2,7,92,0,1
gecho-svc-dev,05/30/2023 20:02,05/30/2023 20:03,main,1,5,94,0,1
ccsp-cdp-dms-task-automation,04/21/2021 09:51,05/15/2023 11:39,main,2,100,0,0,0
aws-transit,09/14/2021 18:21,05/11/2023 01:07,main,15,33,66,0,1
aws-api-gateway-reference-implementation,11/03/2020 19:54,04/28/2023 23:08,main,5,18,81,0,1
ccsp-break-glass,12/09/2022 16:42,04/20/2023 18:33,main,1,100,0,0,0
gis-geomartcloud-palantir-infrastructure,06/04/2020 17:33,04/19/2023 22:12,master,9,51,2,46,1
aws-cfn-certificate,11/13/2018 04:56,04/19/2023 16:53,main,5,23,76,0,1
gis-geomartcloud-wsoc-infrastructure,12/04/2020 20:21,04/12/2023 16:36,main,11,62,4,33,1
pge-ecm-crm-cni-metrics-08,04/29/2021 03:16,04/01/2023 00:05,main,1,100,0,0,0
pge-ecm-crm-fargate-logging-02,04/29/2021 02:51,03/28/2023 21:30,main,1,100,0,0,0
gis-gmcloud-hawc-datarestore,07/20/2022 18:59,03/27/2023 14:15,main,1,44,13,41,2
gis-geomartcloud-wsoc-etl-dataintegration,12/12/2021 18:45,03/27/2023 13:53,main,1,42,0,57,1
gis-geomartcloud-wsoc-detour-ui,07/20/2021 18:16,03/27/2023 13:51,master,3,50,50,0,0
gis-geomartcloud-wsoc-batch-siptupdatelookup,02/11/2021 17:45,03/27/2023 13:49,master,1,42,0,57,1
gis-geomartcloud-wsoc-batch-siptfieldworkerstatus,01/13/2021 22:34,03/27/2023 13:47,main,1,42,0,57,1
gis-geomartcloud-wsoc-batch-dmscrewlocation,03/24/2021 23:32,03/27/2023 13:38,main,1,35,25,38,2
aws-cfn-alb-reference,03/03/2021 18:09,03/22/2023 00:54,main,6,12,87,0,1
aws-spring-lambda,06/12/2019 16:01,03/12/2023 22:57,master,1,0,0,0,0
cscoe-fargate-pipeline,04/10/2020 14:41,03/09/2023 15:16,master,4,78,21,0,1
gis-gmcloud-hawc-databackup,07/20/2022 18:58,03/03/2023 18:55,main,1,44,13,41,2
ccsp-cdp-rds-monitoring-orchestrator,02/22/2023 17:15,03/01/2023 12:15,main,3,100,0,0,0
aws-logging-central-albaccesslogs-spoke,02/18/2021 23:26,02/23/2023 22:49,main,1,33,66,0,1
c7bh-test,02/13/2023 21:32,02/16/2023 03:35,main,5,82,7,10,1
aws-cfn-s3web-multiregion,03/13/2020 20:41,01/24/2023 23:10,dev,31,62,34,3,1
gis-geomartcloud-wsoc-batch-geoincidenthistory,01/10/2022 17:58,01/19/2023 22:15,main,1,53,46,0,1
gis-geomartcloud-wsoc-batch-siptassignmenthistory,01/13/2021 01:32,01/19/2023 22:11,master,1,53,46,0,1
gis-geomartcloud-wsoc-batch-incidenthistory,01/12/2021 21:30,01/19/2023 22:10,master,1,53,46,0,1
gis-geomartcloud-wsoc-api-geoincidenthistory,01/10/2022 18:22,01/19/2023 22:10,main,1,25,75,0,0
gis-geomartcloud-wsoc-api-siptassignmenthistory,12/30/2020 00:00,01/19/2023 22:07,master,1,25,75,0,0
gis-geomartcloud-wsoc-api-incidenthistory,12/23/2020 20:18,01/19/2023 22:06,master,1,24,75,0,1
aws-transit-public-alb-events,01/10/2023 17:27,01/14/2023 00:43,dev,5,40,60,0,0
aws-transit-waf-alb,03/06/2022 19:11,01/06/2023 17:51,main,3,25,75,0,0
ccsp-cicd-test-c7bh,09/01/2022 16:08,01/05/2023 17:28,main,2,100,0,0,0
gis-geomartcloud-wsoc-batch-maintenance,05/19/2021 16:11,01/04/2023 20:18,main,1,31,0,68,1
gis-geomartcloud-palantir-etl-etgisdbload,09/24/2020 14:16,01/03/2023 20:06,master,1,46,13,40,1
ccsp-cdp-eks-module-template,03/01/2022 11:11,12/15/2022 16:02,main,2,100,0,0,0
pge-ecm-crm-ocr-infra,05/06/2022 11:28,12/13/2022 21:36,main,15,100,0,0,0
pge-ecm-pwtodctm-infra,03/15/2022 05:30,12/13/2022 20:45,dev,9,100,0,0,0
ccsp-cdp-latencymetric-lambda-updated,10/17/2022 15:21,11/28/2022 22:58,main,3,100,0,0,0
sfcoe-mulesoft-cloudformation-templates,11/15/2022 20:24,11/15/2022 21:47,master,11,100,0,0,0
pge-ecm-crm-pdf-infra,09/12/2022 06:03,11/08/2022 18:11,main,16,100,0,0,0
ccsp-cdp-athena-automation-lambda,09/02/2022 09:54,11/04/2022 16:27,main,3,100,0,0,0
aws-logging-central-elbaccesslogs-spoke,02/22/2021 07:11,11/03/2022 22:03,main,1,38,61,0,1
psps-viz-devops-infra,05/03/2021 15:38,10/20/2022 08:06,dev,9,100,0,0,0
pge-ecm-crm-pdf-cicd,09/12/2022 06:09,10/19/2022 01:09,dev,17,100,0,0,0
ccsp-cdp-latencymetric-lambda,08/10/2021 12:39,10/17/2022 15:34,main,3,100,0,0,0
gis-geomartcloud-wsoc-etl-wfirecamerasupd,02/03/2021 23:10,10/07/2022 17:33,master,1,42,0,57,1
gis-geomartcloud-wsoc-etl-itassetupdate,02/17/2021 19:32,10/04/2022 03:18,main,1,52,16,32,0
ccsp-cdp-batch-psql-trigger-lambda,08/17/2022 07:46,09/29/2022 06:55,main,3,100,0,0,0
ccsp-cdp-dms-resume-lambda,02/15/2022 13:03,09/28/2022 12:30,main,3,100,0,0,0
ccsp-cdp-dms-Reload-lambda,02/15/2022 13:04,09/28/2022 10:52,main,3,100,0,0,0
ccsp-cdp-dms-stop-lambda,02/15/2022 13:00,09/28/2022 10:49,main,3,100,0,0,0
ccsp-cdp-dms-start-lambda,02/15/2022 12:48,09/28/2022 10:49,main,3,100,0,0,0
ccsp-cdp-trigger-repo,03/08/2022 07:35,09/26/2022 13:17,main,2,100,0,0,0
ccsp-vpce,09/21/2022 23:00,09/22/2022 00:26,main,1,100,0,0,0
ew-data-ingestion-manual-scaling,01/11/2021 20:28,09/12/2022 18:41,dev,2,74,25,0,1
aws_operations_alerts,08/25/2022 20:55,08/31/2022 22:26,main,4,0,0,0,0
aws-cfn-cname,06/08/2020 22:57,08/30/2022 18:33,main,3,0,0,0,0
gis-geomartcloud-dpv-fidelity-validator,11/09/2021 17:07,08/26/2022 15:39,main,1,69,30,0,1
gis-geomartcloud-wsoc-batch-fireforecast,03/15/2021 17:57,08/10/2022 18:41,main,1,42,0,57,1
ccsp-cdp-delete-lambda,08/11/2021 15:23,08/09/2022 07:49,main,3,100,0,0,0
ccsp-cdp-insert-lambda,07/02/2021 09:27,08/09/2022 07:48,main,3,100,0,0,0
ccsp-cdp-microservice-ci,07/22/2021 15:35,08/05/2022 06:57,dev,1,100,0,0,0
gis-geomartcloud-psps-etl-customerparceldatasync,05/26/2020 17:35,06/28/2022 20:27,master,1,40,29,29,2
ccsp-cdp-update-lambda,07/28/2021 12:00,06/15/2022 18:25,main,3,100,0,0,0
gis-geomartcloud-wsoc-etl-modisviirsfiredetection,01/27/2021 19:17,06/07/2022 19:51,master,1,42,0,57,1
gis-geomartcloud-wsoc-etl-goesfiredetection,01/27/2021 19:07,06/07/2022 19:09,master,1,42,0,57,1
pge-ecm-crm-iam-policy,05/29/2021 05:46,05/31/2022 18:20,main,1,100,0,0,0
aws-transit-fis,04/28/2022 18:18,05/18/2022 04:07,main,5,100,0,0,0
aws-transit-pipelines,02/08/2022 00:59,05/08/2022 03:26,main,6,100,0,0,0
ccoe-aws-lz-upgrade,01/25/2022 04:05,05/05/2022 18:33,main,10,48,51,0,1
ccoe-ami-test,03/23/2022 04:06,05/03/2022 23:15,main,4,50,50,0,0
gis-geomartcloud-gmv-infrastructure,05/13/2021 20:51,04/28/2022 18:16,main,2,100,0,0,0
pge-ecm-crmis-infra-sqs,06/23/2021 08:02,04/15/2022 15:49,main,3,100,0,0,0
Workshop-Lambda-CICD,11/08/2020 03:27,03/22/2022 22:39,main,13,62,25,11,2
demandresponse-sapi,03/11/2022 15:11,03/18/2022 06:35,dev,1,100,0,0,0
gis-geomartcloud-wsoc-etl-siptcrewlocation,01/15/2021 03:40,03/17/2022 18:12,master,1,42,0,57,1
prt-sapi,03/17/2022 07:38,03/17/2022 17:19,dev,1,100,0,0,0
pge-ecm-pwdctm-omod-infra-ci,03/01/2022 17:02,03/01/2022 17:05,dev,7,96,3,0,1
ccsp-cdp-aws-cw-monitoring,01/13/2022 08:24,02/25/2022 09:30,main,2,100,0,0,0
new-aws-lz-upgrade,11/18/2021 02:17,02/17/2022 05:48,main,9,53,46,0,1
aws-scheduled-ec2-stop-start-with-asg,12/09/2021 01:52,01/17/2022 09:00,main,1,27,72,0,1
aws-pagerduty-integration,01/05/2022 05:48,01/10/2022 22:04,main,1,0,0,0,0
pge-ecm-crm-load-balancer,07/04/2021 10:25,12/10/2021 02:47,master,4,91,8,0,1
ccsp-cdp-apierror-processor-function,10/21/2021 11:05,12/02/2021 13:48,main,3,100,0,0,0
ccsp-cdp-ha-dr-testing,11/19/2021 10:41,11/24/2021 17:56,master,1,100,0,0,0
pge-ecm-crmis-waf-rules,07/20/2021 03:33,11/03/2021 19:20,main,1,10,89,0,1
pge-ecm-crm-alarms-dashboards,05/26/2021 11:24,11/03/2021 17:59,main,15,100,0,0,0
aws-cfn-appstream,10/04/2021 17:29,11/03/2021 07:11,master,3,100,0,0,0
ccsp-cdp-db-disable-triggers,09/22/2021 08:00,10/28/2021 17:15,main,2,100,0,0,0
CCPA-Collibra-JobServer,09/08/2021 23:09,10/25/2021 18:31,main,1,100,0,0,0
aws-lz-upgrade,10/20/2021 17:13,10/20/2021 17:21,main,8,49,50,0,1
ccsp-cdp-bulkapi-lambda-s3trigger,08/24/2021 05:07,10/19/2021 10:59,main,2,100,0,0,0
gis-geomartcloud-psps-postdeenergization,06/10/2020 23:06,10/12/2021 22:19,master,1,52,48,0,0
gis-geomartcloud-psps-allaffectedcustomer,05/15/2020 22:44,10/12/2021 22:15,master,1,44,55,0,1
gis-geomartcloud-psps-maintenance,06/04/2020 19:11,10/12/2021 22:08,master,1,11,0,88,1
gis-geomartcloud-psps-deenergization,05/04/2020 16:21,10/12/2021 22:01,master,1,52,48,0,0
gis-geomartcloud-psps-etl-dbdataload,05/19/2020 22:31,10/12/2021 21:45,master,1,38,30,30,2
aws-pspsmaps-apis,10/16/2019 02:40,10/12/2021 06:33,master,1,85,14,0,1
aws-cache-enabled-restapi-reference-implementation,08/09/2021 20:41,10/07/2021 16:56,master,5,8,91,0,1
pge-ecm-crm-infra-records-mw,09/17/2021 17:19,09/23/2021 03:37,main,3,58,41,0,1
cscoe-org-config-rules,01/13/2020 16:30,09/16/2021 21:09,master,8,37,25,37,1
pge-ecm-drc-records,09/16/2021 10:41,09/16/2021 16:15,main,4,67,32,0,1
mulesoft-maintenance-template,08/30/2021 05:44,09/09/2021 14:19,master,1,100,0,0,0
pge-ecm-crm-security-groups,06/11/2021 08:56,08/30/2021 18:47,main,7,100,0,0,0
pge-crm-dctm-cicd,05/19/2021 14:14,08/30/2021 18:00,main,4,100,0,0,0
pge-ecm-crm-lambda,06/16/2021 14:27,08/28/2021 04:19,main,8,81,18,0,1
pge-ecm-crm-ebscsi-07,04/29/2021 03:10,08/24/2021 12:07,main,1,100,0,0,0
pge-ecm-crm-efscsi-05,04/29/2021 03:03,08/24/2021 03:28,main,1,0,0,0,0
pge-ecm-crm-cluster-autoscaler-04,04/29/2021 02:59,08/24/2021 03:13,main,1,100,0,0,0
aws-landing-zone-terraform-workspace,08/12/2021 20:40,08/20/2021 22:17,dev,1,100,0,0,0
aws-iac-reference-impl,07/16/2021 19:39,07/28/2021 18:01,main,2,100,0,0,0
pge-ecm-lrs-cicd,07/15/2021 14:10,07/15/2021 14:35,main,2,100,0,0,0
aws-logging-central-spoke,02/19/2021 08:04,07/06/2021 23:28,main,1,11,88,0,1
aws-cfn-s3,08/12/2019 18:36,07/01/2021 15:56,master,2,100,0,0,0
aws-store-update-trigger-lambda,06/29/2021 20:19,06/29/2021 21:27,main,1,0,100,0,0
aws-cfn-dms,11/15/2018 21:20,06/23/2021 22:43,master,5,100,0,0,0
aws-stgw-filegateway,04/14/2020 17:24,06/23/2021 19:05,master,3,100,0,0,0
aws-cfn-vpcendpoints,11/21/2018 19:45,06/12/2021 06:51,master,6,100,0,0,0
aws-cfn-aurora-postgres,12/28/2020 19:08,06/10/2021 19:07,master,1,31,0,68,1
aws-cfn-aurora-mysql,12/28/2020 18:12,06/10/2021 19:05,master,1,31,0,68,1
aws-cfn-documentdb,05/21/2019 16:57,06/10/2021 19:04,master,1,100,0,0,0
aws-cfn-sqlserver,12/28/2020 19:30,06/10/2021 19:01,master,1,38,0,61,1
aws-cfn-redshift,03/11/2019 18:30,06/10/2021 19:00,master,1,47,0,52,1
aws-cfn-neptune,05/15/2019 00:03,06/10/2021 18:59,master,1,100,0,0,0
aws-cfn-oracle,12/28/2020 19:21,06/10/2021 18:55,master,1,33,0,66,1
aws-filegateway-file-share,08/07/2020 23:18,06/02/2021 18:19,master,2,50,50,0,0
ew-data-services-tank,08/25/2020 20:55,06/02/2021 14:33,master,10,84,15,0,1
aws-rds-postgres-runner,01/15/2021 01:06,04/29/2021 21:24,master,1,69,30,0,1
LZ-Terraform-POC,04/26/2021 17:08,04/28/2021 18:14,main,2,100,0,0,0
aws-tf-cicd,04/08/2019 21:39,04/28/2021 15:54,master,1,57,42,0,1
pge-ecm-crmcloud-infrastructure,03/25/2021 14:20,04/25/2021 12:39,main,6,81,0,18,1
pge-drc-eks,04/21/2021 10:20,04/22/2021 08:58,main,1,100,0,0,0
aws-cfn-rds,10/09/2018 21:39,04/15/2021 20:54,master,3,27,0,72,1
aws-filegateway-console-password,08/06/2020 15:31,04/05/2021 17:08,master,2,20,80,0,0
aws-nuke,01/29/2021 18:54,03/30/2021 17:03,main,2,100,0,0,0
aws-misc-tools,10/29/2020 15:52,03/25/2021 20:14,main,3,20,80,0,0
aws-scheduled-ec2-stop-start,03/17/2021 20:41,03/25/2021 01:16,main,1,27,72,0,1
aws-logging-central-wafaccesslogs,02/18/2021 05:49,03/05/2021 23:41,master,1,45,54,0,1
aws-logging-central-rdsaccesslogs,02/23/2021 10:41,03/05/2021 22:18,main,1,45,54,0,1
aws-logging-central-nlbaccesslogs,02/16/2021 11:42,03/05/2021 16:15,master,1,45,54,0,1
aws-logging-central-vpcflowlogs,01/20/2021 20:16,03/04/2021 22:05,main,3,29,70,0,1
aws-logging-central-elbaccesslogs,02/15/2021 14:44,03/03/2021 18:52,master,1,45,54,0,1
aws-logging-central-s3accesslogs,02/15/2021 14:46,03/03/2021 16:55,main,1,45,54,0,1
aws-logging-central-cloudtraillogs,01/20/2021 20:09,03/03/2021 06:39,main,1,45,54,0,1
ccoe-loggingcentral-pipeline-templates,01/26/2021 18:16,02/23/2021 11:34,main,13,100,0,0,0
aws-rds-encrypt,12/04/2020 17:42,02/22/2021 21:37,master,1,100,0,0,0
aws-logging-central-test-hub,02/20/2021 18:24,02/21/2021 04:41,main,2,100,0,0,0
aws-rds-mysql-runner,11/19/2020 21:37,02/17/2021 23:49,master,1,69,30,0,1
aws-logging-central-gluelogs-hub,01/20/2021 05:55,01/27/2021 17:17,main,1,7,92,0,1
aws-migration-cf-cicd,10/29/2020 16:57,01/26/2021 21:38,main,14,40,36,23,1
sjs-cicd-poc1,01/21/2021 10:11,01/21/2021 10:14,main,2,100,0,0,0
sjs-poc-repo,01/20/2021 11:01,01/21/2021 05:51,main,1,0,0,0,0
aws-lambda-reference-implementation,01/05/2021 22:43,01/06/2021 01:40,main,1,60,40,0,0
aws-cfn-appsync-demo,07/30/2019 17:48,01/06/2021 01:24,master,3,76,23,0,1
webhost-svs0,12/30/2020 13:00,12/31/2020 05:40,main,1,0,0,0,0
aws-service-catalog-setup,10/12/2018 17:44,12/28/2020 19:02,master,3,100,0,0,0
aws-eks-private-cluster,06/17/2020 18:17,12/07/2020 18:05,master,5,100,0,0,0
sample-pipeline-artifacts,11/26/2020 00:46,12/04/2020 05:35,main,3,100,0,0,0
aws-proton-sample-templates,12/03/2020 16:15,12/03/2020 16:19,main,4,5,82,11,2
aws-rds-restore,10/23/2018 19:35,12/03/2020 00:37,master,4,100,0,0,0
cscoe-org-config-pipeline,01/13/2020 16:36,12/01/2020 18:48,master,6,100,0,0,0
aws-psps-cloudwatch-dashboards,05/22/2020 15:40,11/30/2020 21:27,master,3,100,0,0,0
cscoe-cloudknox,11/12/2020 17:59,11/12/2020 18:01,master,5,100,0,0,0
Meteorology-Monitoring,09/21/2020 17:15,11/06/2020 17:53,Meteorology-Monitoring-Dev,2,83,16,0,1
aws-workshop-multiple-lambda-cicd-python,09/06/2019 21:34,11/04/2020 20:15,master,2,44,55,0,1
mehs_testing,11/02/2020 22:49,11/03/2020 00:41,main,1,69,30,0,1
aws-config-cloudwatch,07/16/2020 15:01,10/16/2020 18:35,master,1,21,78,0,1
aws-hosting-linux,03/17/2019 04:32,10/14/2020 17:22,master,1,100,0,0,0
pge-ecm-create-k8s-nodegroup,09/18/2020 16:52,10/14/2020 16:10,master,1,100,0,0,0
aws-limit-monitor,10/09/2020 17:05,10/09/2020 17:16,main,3,11,79,9,1
pge-ecm-infra-create-sns,09/30/2020 18:08,09/30/2020 18:09,master,2,0,0,0,0
pge-ecm-infra-create-ecr,09/29/2020 23:12,09/29/2020 23:13,master,1,0,0,0,0
pge-ecm-infra-create-efs,09/29/2020 23:05,09/29/2020 23:06,master,1,0,0,0,0
pge-ecm-create-k8s-cluster,09/18/2020 16:48,09/18/2020 16:52,master,1,33,66,0,1
aws-monitoring-tagging,10/18/2018 21:49,09/15/2020 20:31,master,53,43,40,15,2
aws-config-s3,08/10/2020 21:33,09/01/2020 19:51,master,1,23,76,0,1
aws-config-api-gateway,07/16/2020 14:58,09/01/2020 19:39,master,1,27,72,0,1
aws-config-lambda-at-edge,07/20/2020 19:51,09/01/2020 17:41,master,1,20,80,0,0
aws-config-sm-session-manager,07/13/2020 17:49,09/01/2020 17:41,master,1,14,85,0,1
aws-config-eks,08/19/2020 17:37,09/01/2020 17:40,master,1,27,72,0,1
aws-config-aurora-postgresql,08/25/2020 16:12,08/26/2020 16:10,master,1,27,72,0,1
emergency-website-aws-hosting-linux,08/21/2020 12:04,08/24/2020 14:08,master,1,100,0,0,0
emergency-website-aws-cfn-ami,08/21/2020 12:02,08/24/2020 14:08,master,11,77,18,3,2
aws-psps-elasticsearch,10/14/2019 20:07,08/03/2020 15:09,master,1,20,80,0,0
aws-psps-redirect-edge-lambda,04/17/2020 19:15,07/24/2020 23:34,master,2,36,64,0,0
meteorology-psps-reporting,06/08/2020 18:50,07/14/2020 18:03,master,18,36,17,46,1
aws-cfn-kms-private,07/10/2020 00:58,07/12/2020 07:01,master,1,100,0,0,0
gis-geomartcloud-gdengageinspect-infrastructure,05/25/2020 23:54,06/30/2020 01:52,develop,4,47,6,45,2
aws-sqs-encryption,06/23/2020 15:28,06/24/2020 16:28,master,1,11,88,0,1
gis-geomartcloud-palantir-dataload,05/08/2020 19:12,06/08/2020 19:24,develop,1,42,57,0,1
ew-address-service,04/14/2020 16:02,05/20/2020 20:22,dev,17,12,87,0,1
gis_geomartcloud_customercare_incremental_datasync,05/04/2020 22:40,05/18/2020 20:25,develop,1,46,53,0,1
gis_geomartcloud_customercare_datasync,04/10/2020 22:51,05/18/2020 20:11,master,1,60,40,0,0
fas-intake-infrastructure,05/05/2020 17:21,05/18/2020 16:50,master,1,0,0,0,0
emergency-website-s3-web-policy,04/17/2020 18:33,05/12/2020 19:55,master,1,66,33,0,1
aws-pge-cfn-templates,04/23/2020 10:30,04/23/2020 10:36,master,1,33,66,0,1
aws-waf-rulesets,06/18/2019 23:03,04/15/2020 22:37,master,4,33,66,0,1
windloading-repo,04/08/2020 05:35,04/15/2020 00:22,master,2,100,0,0,0
aurora-postgresql-CFT,04/10/2020 19:12,04/13/2020 01:25,master,0,0,0,0,100
tss-windloading,04/08/2020 05:21,04/08/2020 05:24,master,1,100,0,0,0
rds-aurora-mysql,04/07/2020 03:42,04/08/2020 03:57,master,2,44,0,56,0
aws-cfn-ami,07/23/2018 17:29,02/28/2020 00:49,master,11,77,18,3,2
instance_scheduler,02/12/2020 03:39,02/12/2020 03:42,master,0,0,0,0,100
aws-kubernetes,06/04/2019 01:53,01/14/2020 19:25,master,7,73,26,0,1
aws-api-asset-management,07/13/2019 16:36,12/20/2019 17:05,master,3,40,60,0,0
aws-eks-golden-ami,10/21/2019 20:49,10/31/2019 19:38,master,1,100,0,0,0
aws-psps-status,10/10/2019 02:33,10/25/2019 17:50,master,3,89,10,0,1
aws-cfn-infrastructure,10/09/2018 21:36,10/22/2019 17:44,master,10,42,34,22,2
aws-api-gateway-ping-authorizer,03/27/2019 16:55,09/25/2019 00:30,master,2,55,44,0,1
aws-api-employee,07/23/2019 16:39,09/24/2019 22:52,master,0,0,0,0,100
aws-cfn-appsync,09/24/2019 17:14,09/24/2019 17:24,master,1,100,0,0,0
aws-amps-api,05/10/2019 20:49,09/23/2019 20:28,master,1,100,0,0,0
Workshop-APIGateway-DirectIntegration,09/04/2019 22:56,09/11/2019 21:17,master,1,33,0,66,1
cloudcoe-sagemaker,06/20/2019 22:05,08/26/2019 23:25,master,4,33,66,0,1
aws-api-weather-detection,08/19/2019 18:53,08/24/2019 15:34,master,2,76,23,0,1
aws-ecs-fargate,06/27/2019 16:39,08/16/2019 23:54,master,6,36,63,0,1
aws-cfn-transfer,08/02/2019 17:40,08/11/2019 18:09,master,1,100,0,0,0
aws-cfn-route53-cname,08/10/2019 18:54,08/11/2019 02:14,master,1,11,88,0,1
aws-ei-cfn-um,07/19/2019 20:06,07/19/2019 20:35,master,12,90,9,0,1
aws-cfn-dynamodb,01/29/2019 22:06,07/16/2019 20:01,master,1,66,0,33,1
aws-rds-upgrade,07/09/2019 21:39,07/12/2019 18:24,master,2,0,0,100,0
aws-api-gateway-dynamodb-integration,05/16/2019 04:12,06/24/2019 20:34,master,1,100,0,0,0
aws-api-gateway-sqs-integration,05/22/2019 19:43,06/24/2019 20:28,master,1,20,80,0,0
aws-cfn-pipeline-github-token,05/23/2019 22:05,06/18/2019 18:47,master,3,73,26,0,1
aws-newaccount-basictemplates,05/28/2019 18:20,05/30/2019 15:54,master,1,0,0,0,0
account-parameter-store-values,03/15/2019 18:24,04/05/2019 16:11,master,2,100,0,0,0
aws-service-catalog,03/19/2019 22:40,03/29/2019 18:54,master,3,100,0,0,0
aws-rds-cc2020,02/08/2019 23:24,02/08/2019 23:41,master,4,50,0,50,0
aws-sheduler,02/01/2019 16:23,02/02/2019 00:01,master,1,5,94,0,1
aws-cfn-architecture,10/02/2018 20:22,01/09/2019 02:51,master,3,100,0,0,0
aws-tagging-assets,12/11/2018 05:45,12/31/2018 23:49,master,2,7,46,46,1
aws-rds-setup,10/08/2018 13:48,12/12/2018 19:32,master,1,0,0,100,0
aws-cfn-lob-app-infrastructure,12/03/2018 19:32,12/04/2018 01:16,master,4,20,80,0,0
aws-config-securitychks,10/19/2018 16:41,11/20/2018 21:07,master,3,23,76,0,1
aws-cfn-rds-securitygroups,10/09/2018 21:48,10/23/2018 18:50,master,1,0,0,0,0
aws-cfn-library,09/10/2018 17:33,09/29/2018 01:47,master,2,0,0,0,0
aws-cfn-lambda-papm-automation,10/09/2018 21:38,09/26/2018 16:19,master,2,100,0,0,0
aws-vpc-cloudformation,10/09/2018 21:46,08/08/2017 18:26,master,5,20,26,53,1
